id,title,created_at,duration,url,video_type
2493025305,"BLAST.tv Austin Major 2025, Showmatch - Team USA vs Stream Team",2025-06-22T16:35:24Z,6h26m37s,https://www.twitch.tv/videos/2493025305,archive
2492141783,"BLAST.tv Austin Major 2025, Semi-Finals - MOUZ vs Vitality",2025-06-21T16:49:38Z,7h12m44s,https://www.twitch.tv/videos/2492141783,archive
2491219390,"BLAST.tv Austin Major 2025, Quarter-Finals, Day 2 - NAVI vs Vitality, FaZe vs The MongolZ",2025-06-20T16:45:26Z,7h12m55s,https://www.twitch.tv/videos/2491219390,archive
2490363560,"BLAST.tv Austin Major 2025, Quarterfinal, Day 1 - Spirit vs MOUZ",2025-06-19T17:34:04Z,10h32m5s,https://www.twitch.tv/videos/2490363560,archive
2486728026,"BLAST.tv Austin Major 2025, Stage 3, Day 4 - Stream A - Legacy vs MOUZ",2025-06-15T14:09:40Z,11h18m28s,https://www.twitch.tv/videos/2486728026,archive
2485824420,"BLAST.tv Austin Major 2025, Stage 3, Day 3 - Stream A - Legacy vs Lynn Vision",2025-06-14T14:12:02Z,9h12m32s,https://www.twitch.tv/videos/2485824420,archive
2484895485,"BLAST.tv Austin Major 2025, Stage 3, Day 2 - Stream A - 3DMAX vs Vitality",2025-06-13T14:18:14Z,8h21m30s,https://www.twitch.tv/videos/2484895485,archive
2484020698,"BLAST.tv Austin Major 2025, Stage 3, Day 1 - Stream A - Vitality vs Legacy",2025-06-12T14:18:19Z,9h37m36s,https://www.twitch.tv/videos/2484020698,archive
2482259774,"BLAST.tv Austin Major 2025, Stage 2, Day 4 - Stream A - Nemiga vs HEROIC",2025-06-10T14:11:52Z,8h49m7s,https://www.twitch.tv/videos/2482259774,archive
2481394555,"BLAST.tv Austin Major 2025, Stage 2, Day 2 - Stream A",2025-06-09T14:11:06Z,10h46m41s,https://www.twitch.tv/videos/2481394555,archive
2480518435,"BLAST.tv Austin Major 2025, Stage 2, Day 1 - Stream A",2025-06-08T14:14:51Z,8h14m50s,https://www.twitch.tv/videos/2480518435,archive
2479564428,"BLAST.tv Austin Major 2025, Stage 1, Day 4",2025-06-07T14:19:35Z,9h39m6s,https://www.twitch.tv/videos/2479564428,archive
2478639223,"BLAST.tv Austin Major 2025, Stage 1, Day 4 - NRG vs Lynn Vision",2025-06-06T14:16:33Z,9h4m41s,https://www.twitch.tv/videos/2478639223,archive
2477768938,"BLAST.tv Austin Major 2025, Stage 1, Day 3 - Stream A - Complexity vs TYLOO",2025-06-05T14:10:46Z,9h22m26s,https://www.twitch.tv/videos/2477768938,archive
2477106039,"BLAST.tv Austin Major 2025, Stage 1, Day 2 - Stream A - HEROIC vs FlyQuest",2025-06-04T19:10:56Z,3h51m33s,https://www.twitch.tv/videos/2477106039,archive
2476893866,"BLAST.tv Austin Major 2025, Stage 1, Day 2 - Stream A - BetBoom vs Legacy",2025-06-04T14:20:53Z,4h48m57s,https://www.twitch.tv/videos/2476893866,archive
2476022176,"BLAST.TV Austin Major 2025, Stage 1 - Day 1 - Complexity vs OG, B8 vs Imperial, TYLOO vs NRG, Wildcard vs Metizport",2025-06-03T14:27:37Z,10h46m58s,https://www.twitch.tv/videos/2476022176,archive
2450097698,"BLAST Premier Rivals Season 1 2025, Day 5 - Grand Final - Vitality vs Falcons",2025-05-04T13:04:27Z,6h55m28s,https://www.twitch.tv/videos/2450097698,archive
2447386097,"BLAST Premier Rivals Season 1 2025, Day 2 - paiN vs Wildcard, MOUZ vs Vitality, FlyQuest vs FaZe, Spirit vs Falcons",2025-05-01T11:52:24Z,10h50m17s,https://www.twitch.tv/videos/2447386097,archive
2490419622,BLAST.tv Austin Major 2025 Opening Ceremony ,2025-06-19T18:40:23Z,13m32s,https://www.twitch.tv/videos/2490419622,highlight
2450400308,BLAST Rivals Winning Momennt,2025-05-04T19:34:43Z,2m0s,https://www.twitch.tv/videos/2450400308,highlight
2450126674,ZywOo vs m0NESY Faceoff,2025-05-04T13:52:20Z,1m29s,https://www.twitch.tv/videos/2450126674,highlight
2449344408,Vitality vs. Spirit - Press Conference,2025-05-03T16:50:03Z,2m11s,https://www.twitch.tv/videos/2449344408,highlight
2449223242,Falcons vs. MOUZ Press Conference,2025-05-03T13:52:48Z,1m42s,https://www.twitch.tv/videos/2449223242,highlight
2448359901,"Highlight: BLAST Premier Rivals Season 1 2025, Day 3 - MOUZ vs FaZe, Wildcard vs Spirit",2025-05-02T15:03:03Z,1m25s,https://www.twitch.tv/videos/2448359901,highlight
2446714215,Faceoff - FaZe vs. Falcons,2025-04-30T17:17:38Z,2m2s,https://www.twitch.tv/videos/2446714215,highlight
2446618861,Faceoff - Vitality vs. Wildcard,2025-04-30T14:53:40Z,3m2s,https://www.twitch.tv/videos/2446618861,highlight
2421020878,BLAST Open Spring Lisbon 2025 Grand Final Intro!,2025-04-01T10:35:30Z,7m7s,https://www.twitch.tv/videos/2421020878,highlight
2420128646,Winner Interview with Team Vitality,2025-03-31T07:50:51Z,5m46s,https://www.twitch.tv/videos/2420128646,highlight
2419476166,THAT'S HOW WE DO GRAND FINALS,2025-03-30T15:31:53Z,5m1s,https://www.twitch.tv/videos/2419476166,highlight
2419456203,It is time! ,2025-03-30T15:03:53Z,1m30s,https://www.twitch.tv/videos/2419456203,highlight
2418720217,Xyp9x Interview,2025-03-29T19:15:16Z,8m48s,https://www.twitch.tv/videos/2418720217,highlight
2418582903,"Let's go, Lisbon!",2025-03-29T16:31:21Z,29s,https://www.twitch.tv/videos/2418582903,highlight
2418573262,Jimpphat Interview ,2025-03-29T16:18:19Z,1m31s,https://www.twitch.tv/videos/2418573262,highlight
2418569540,MAJ3R Interview,2025-03-29T16:13:05Z,53s,https://www.twitch.tv/videos/2418569540,highlight
2417837564,zont1x Interview,2025-03-28T20:31:59Z,1m18s,https://www.twitch.tv/videos/2417837564,highlight
2417689973,torzsi Interview,2025-03-28T17:37:10Z,1m15s,https://www.twitch.tv/videos/2417689973,highlight
2417633826,"LISBON, WE ARE BACK! ðŸ‡µðŸ‡¹",2025-03-28T16:19:26Z,3m32s,https://www.twitch.tv/videos/2417633826,highlight
2414084604,apEX Interview,2025-03-24T12:32:13Z,6m13s,https://www.twitch.tv/videos/2414084604,highlight
2413321744,Highlight: Karrigan Interview,2025-03-23T15:03:51Z,5m36s,https://www.twitch.tv/videos/2413321744,highlight
2411421473,VRS with Pimp & Spunj,2025-03-21T13:18:27Z,6m40s,https://www.twitch.tv/videos/2411421473,highlight
2355652251,zAAz Interview,2025-01-17T11:42:03Z,5m6s,https://www.twitch.tv/videos/2355652251,highlight
2355037525,Elige Interview,2025-01-16T18:47:08Z,5m40s,https://www.twitch.tv/videos/2355037525,highlight
2292517223,"BLAST 2025 Format Explained, World Final 2024",2024-11-03T08:25:00Z,9m11s,https://www.twitch.tv/videos/2292517223,highlight
2289938812,cadiaN arm World Final 2024,2024-10-31T11:15:03Z,47s,https://www.twitch.tv/videos/2289938812,highlight
2263585111,m0NESY winning clutch - Fall Final 2024,2024-09-29T18:23:19Z,40s,https://www.twitch.tv/videos/2263585111,highlight
2262511553,"Highlight: BLAST Fall Final 2024, Semifinals: Team Vitality vs G2 Esports & Natus Vincere vs FaZe Clan",2024-09-28T13:59:43Z,1m46s,https://www.twitch.tv/videos/2262511553,highlight
1874291201,Mahone Zone: Team Liquid smokes on Mirage,2023-07-17T14:18:55Z,1m41s,https://www.twitch.tv/videos/1874291201,highlight
1873610208,"MICD UP: BIG fights, no running",2023-07-16T18:09:37Z,42s,https://www.twitch.tv/videos/1873610208,highlight
1873437440,Mahone Zone: Heroic taking Mid control on Mirage,2023-07-16T14:07:08Z,2m20s,https://www.twitch.tv/videos/1873437440,highlight
1872610166,Mahone Zone: Vitality's Vertigo,2023-07-15T15:05:43Z,1m49s,https://www.twitch.tv/videos/1872610166,highlight
1872484165,Mahone Zone: G2 Mid control on Mirage,2023-07-15T11:05:04Z,2m18s,https://www.twitch.tv/videos/1872484165,highlight
1871851273,Mahone Zone: nexa's Inferno T side,2023-07-14T18:07:32Z,2m19s,https://www.twitch.tv/videos/1871851273,highlight
1871654103,AleksiB 10 sec defuse,2023-07-14T12:53:30Z,15s,https://www.twitch.tv/videos/1871654103,highlight
1871609008,Mahone Zone: Playing A on Overpass? Play Connector,2023-07-14T11:12:05Z,2m19s,https://www.twitch.tv/videos/1871609008,highlight
1871576006,"Fall Groups, Day 2 let's go!",2023-07-14T09:35:28Z,1m32s,https://www.twitch.tv/videos/1871576006,highlight
1862402276,"GL vs. Heroic, Mirage Round 6",2023-07-03T17:55:41Z,2m17s,https://www.twitch.tv/videos/1862402276,highlight
1862384500,"GL vs. Heroic, Mirage Round 10",2023-07-03T17:32:08Z,2m5s,https://www.twitch.tv/videos/1862384500,highlight
1846032231,"karrigan almost ninja defuse vs Astralis - Highlight: BLAST Premier Spring Final 2023, Day 1",2023-06-14T13:06:25Z,1m15s,https://www.twitch.tv/videos/1846032231,highlight
1821355836,FaZe didn't know they won,2023-05-16T13:39:23Z,16s,https://www.twitch.tv/videos/1821355836,highlight
1815688965,VSM 3k ramp defense vs Liquid,2023-05-09T19:25:26Z,14s,https://www.twitch.tv/videos/1815688965,highlight
1815679963,Freya intro day 2,2023-05-09T19:13:24Z,37s,https://www.twitch.tv/videos/1815679963,highlight
1815677193,maden 1v4 vs FaZe on Nuke,2023-05-09T19:09:58Z,57s,https://www.twitch.tv/videos/1815677193,highlight
1815350092,Day 2 Unikrn Pickems,2023-05-09T09:17:47Z,53s,https://www.twitch.tv/videos/1815350092,highlight
1794416695,karrigan winner's interview,2023-04-15T14:50:01Z,3m13s,https://www.twitch.tv/videos/1794416695,highlight
1794275616,Hobbit winner's interview,2023-04-15T10:38:32Z,1m37s,https://www.twitch.tv/videos/1794275616,highlight
1793696187,k1to winner's interview,2023-04-14T19:51:30Z,1m33s,https://www.twitch.tv/videos/1793696187,highlight
1793394422,dupreeh winner's interview,2023-04-14T12:54:17Z,2m56s,https://www.twitch.tv/videos/1793394422,highlight
1793330757,Jerry winner's interview,2023-04-14T10:28:24Z,2m51s,https://www.twitch.tv/videos/1793330757,highlight
1792688440,huNter- winner's interview,2023-04-13T17:29:46Z,1m48s,https://www.twitch.tv/videos/1792688440,highlight
1792584880,BOROS winner's interview,2023-04-13T14:59:43Z,1m30s,https://www.twitch.tv/videos/1792584880,highlight
1792480727,Eternal Fire 0.01 defuse miss,2023-04-13T11:46:47Z,27s,https://www.twitch.tv/videos/1792480727,highlight
1791772205,Hades winner's interview,2023-04-12T16:53:56Z,1m19s,https://www.twitch.tv/videos/1791772205,highlight
1791021502,huNter- winner's interview,2023-04-11T19:38:48Z,2m6s,https://www.twitch.tv/videos/1791021502,highlight
1790973735,SHiPZ winner's interview,2023-04-11T18:43:19Z,1m40s,https://www.twitch.tv/videos/1790973735,highlight
1790913652,KYLAR winner's interview vs BIG,2023-04-11T17:31:52Z,1m46s,https://www.twitch.tv/videos/1790913652,highlight
1790849850,stavn winner's interview vs Aurora,2023-04-11T16:03:21Z,1m7s,https://www.twitch.tv/videos/1790849850,highlight
1790766591,k0nfig winner's interview vs Eternal Fire,2023-04-11T13:42:15Z,1m12s,https://www.twitch.tv/videos/1790766591,highlight
1790724626,SDY winner's interview,2023-04-11T12:18:34Z,1m7s,https://www.twitch.tv/videos/1790724626,highlight
1790696829,SELLTER winner's inteview,2023-04-11T11:11:09Z,1m12s,https://www.twitch.tv/videos/1790696829,highlight
1790666608,jabbi 3K vs 500,2023-04-11T09:36:15Z,27s,https://www.twitch.tv/videos/1790666608,highlight
1789009229,"Devilwalk winners' intervire, BNE vs GamerLegion",2023-04-09T12:28:33Z,2m8s,https://www.twitch.tv/videos/1789009229,highlight
1788279808,"Thomas winners interview, ITB vs B8",2023-04-08T17:17:18Z,2m34s,https://www.twitch.tv/videos/1788279808,highlight
1788009839,Forester 4K vs OG,2023-04-08T09:25:07Z,29s,https://www.twitch.tv/videos/1788009839,highlight
1787339010,NPL winners interview,2023-04-07T17:50:15Z,1m5s,https://www.twitch.tv/videos/1787339010,highlight
1787091186,"Into the Breach vs Virtus.pro, Winners Interview",2023-04-07T11:43:32Z,1m31s,https://www.twitch.tv/videos/1787091186,highlight
1787059702,"Winners interview, Apeks vs BNE",2023-04-07T10:24:40Z,1m13s,https://www.twitch.tv/videos/1787059702,highlight
1783171711,"Highlight: BLAST Premier Spring Showdown 2023, Day 4: Imperial vs EG Black",2023-04-03T00:03:34Z,3m19s,https://www.twitch.tv/videos/1783171711,highlight
1783060884,"Mahone Zone: paiN's Inferno strat to beat Imperial | BLAST Premier Spring Showdown, Day 5",2023-04-02T21:36:25Z,1m50s,https://www.twitch.tv/videos/1783060884,highlight
1783042603,sh1ro is your Maersk Tournament MVP for BLAST Premier Spring EU Showdown 2023!,2023-04-02T21:12:40Z,56s,https://www.twitch.tv/videos/1783042603,highlight
1782842259,"Mahone Zone: Cloud9's lackluster Overpass? | BLAST Premier Spring Showdown 2023, Day 5",2023-04-02T17:33:14Z,3m18s,https://www.twitch.tv/videos/1782842259,highlight
1782291801,"Maersk MVP Check-in, Day 4 | BLAST Premier Spring Showdown 2023",2023-04-02T01:38:50Z,47s,https://www.twitch.tv/videos/1782291801,highlight
1782157395,"Highlight: BLAST Premier Spring Showdown 2023, Day 4: BIG vs 9INE, paiN vs Team Liquid, Imperial vs EG",2023-04-01T22:53:24Z,2m11s,https://www.twitch.tv/videos/1782157395,highlight
1782149549,"Highlight: BLAST Premier Spring Showdown 2023, Day 4: BIG vs 9INE, paiN vs Team Liquid, Imperial vs EG",2023-04-01T22:43:06Z,52s,https://www.twitch.tv/videos/1782149549,highlight
1781937934,"Mahone Zone: paiN's Nuke magic vs MIBR | BLAST Premier Spring Showdown '23, Day 4",2023-04-01T18:41:10Z,2m32s,https://www.twitch.tv/videos/1781937934,highlight
1781822618,"MIC'D UP: BIG's T side on Mirage | BLAST Premier Spring Showdown 2023, Day 4",2023-04-01T16:31:47Z,26s,https://www.twitch.tv/videos/1781822618,highlight
1781732369,"Mahone Zone: 9ine's Vertigo jump strat | BLAST Premier Spring Showdown 2023, Day 4",2023-04-01T14:31:07Z,2m3s,https://www.twitch.tv/videos/1781732369,highlight
1781025032,"Mahone Zone: Complexity playing Inferno differently vs Imperial | BLAST Premier Spring Showdown, Day 3",2023-03-31T20:07:54Z,1m55s,https://www.twitch.tv/videos/1781025032,highlight
1780921387,Mahone Zone: Imperial's ability to work Inferno vs Complexity | BLAST Premier Spring Showdown '23,2023-03-31T18:12:33Z,2m36s,https://www.twitch.tv/videos/1780921387,highlight
1780800399,"Cloud9's impressive way of taking A site on Overpass | Mahone Zone: BLAST Premier Spring Showdown '23, Day 3 ",2023-03-31T15:38:49Z,2m23s,https://www.twitch.tv/videos/1780800399,highlight
1780727198,"Kylar Vertigo Jump into 3k vs Fnatic | BLAST Premier Spring Showdown '23, Day 2",2023-03-31T13:38:31Z,18s,https://www.twitch.tv/videos/1780727198,highlight
1780318286,"Maersk MVP Check-in, Day 2 | BLAST Spring Showdown 2023",2023-03-31T00:08:37Z,1m15s,https://www.twitch.tv/videos/1780318286,highlight
1780063742,"FNATIC's default smoke on Overpass | Mahone Zone, BLAST Premier Spring Showdown '23, Day 2",2023-03-30T18:58:47Z,1m57s,https://www.twitch.tv/videos/1780063742,highlight
1779977092,"tabseN ACE vs Rare Atom | BLAST Premier Spring Showdown '23, Day 2",2023-03-30T17:15:16Z,15s,https://www.twitch.tv/videos/1779977092,highlight
1779904240,"kaze 2x No Scope 3k vs BGI | BLAST Premier Spring Showdown '23, Day 2",2023-03-30T15:33:10Z,11s,https://www.twitch.tv/videos/1779904240,highlight
1779864928,"Rare Atom's Inferno | Mahone Zone, BLAST Premier Spring Showdown '23",2023-03-30T14:27:08Z,2m24s,https://www.twitch.tv/videos/1779864928,highlight
1779832541,"NEOFRAG 1v3 vs NIP | BLAST Premier Spring Showdown '23, Day 1",2023-03-30T13:30:06Z,23s,https://www.twitch.tv/videos/1779832541,highlight
1779469876,"Maersk MVP Check-in, Day 1 | BLAST Premier Spring Showdown '23",2023-03-30T00:56:38Z,1m37s,https://www.twitch.tv/videos/1779469876,highlight
1779308423,"paiN's Nuke Magic | Mahone Zone, BLAST Premier Spring Showdown '23, Day 1",2023-03-29T21:50:04Z,2m8s,https://www.twitch.tv/videos/1779308423,highlight
1779190736,"Cloud9's Vertigo B takes | BLAST Spring Showdown '23, Day 1",2023-03-29T19:23:21Z,2m21s,https://www.twitch.tv/videos/1779190736,highlight
1779012905,"NIP's dynamic CT side vs OG on Vertigo | Mahone Zone, Spring Showdown 2023",2023-03-29T15:45:58Z,2m30s,https://www.twitch.tv/videos/1779012905,highlight
1722498904,BLAST Spring Groups Maersk MVP Winner!,2023-01-29T22:29:52Z,1m13s,https://www.twitch.tv/videos/1722498904,highlight
1722317782,"Mahone Zone: Astralis' good T side on Inferno vs OG | BLAST Premier Spring Groups '23, Day 11",2023-01-29T19:10:04Z,1m45s,https://www.twitch.tv/videos/1722317782,highlight
1722171596,"stavn crazy 3k vs BIG (Inferno) | BLAST Premier Spring Groups 2023, Day 11",2023-01-29T16:37:40Z,48s,https://www.twitch.tv/videos/1722171596,highlight
1722080291,"Grim ace reaction vs NAVI (Overpass) | BLAST Premier Spring Groups 2023, Day 10",2023-01-29T14:38:39Z,9s,https://www.twitch.tv/videos/1722080291,highlight
1721434185,"Maersk MVP Check-in, Day 10 | BLAST Premier Spring Groups '23",2023-01-28T22:11:31Z,33s,https://www.twitch.tv/videos/1721434185,highlight
1721210229,"hallzerk 1v2 Deagle CLUTCH vs NAVI | BLAST Premier Spring Groups 2023, Day 10",2023-01-28T18:26:18Z,15s,https://www.twitch.tv/videos/1721210229,highlight
1721171434,"Mahone Zone: Complexity B execute on Anubis | BLAST Premier Spring Groups 2023, Day 10",2023-01-28T17:46:34Z,1m44s,https://www.twitch.tv/videos/1721171434,highlight
1721046457,"Mahone Zone: NIP's ability to catch Astralis off guard (Overpass) | BLAST Premier Spring Groups 2023, Day 10",2023-01-28T15:14:04Z,1m54s,https://www.twitch.tv/videos/1721046457,highlight
1720246594,"Maersk MVP Check-in, Day 9 | BLAST Premier Spring Groups '23",2023-01-27T20:33:53Z,53s,https://www.twitch.tv/videos/1720246594,highlight
1720165096,"Mahone Zone: Team Liquid's T side pistol round on Anubis | BLAST Premier Spring Groups 2023, Day 9",2023-01-27T19:11:08Z,2m5s,https://www.twitch.tv/videos/1720165096,highlight
1720025063,"Mahone Zone: EG key round on Inferno vs Complexity | BLAST Premier Spring Groups 2023, Day 9",2023-01-27T16:32:56Z,1m47s,https://www.twitch.tv/videos/1720025063,highlight
1719181781,"Maersk MVP Check-in, day 8 | BLAST Premier Spring Groups 2023",2023-01-26T19:08:46Z,50s,https://www.twitch.tv/videos/1719181781,highlight
1719156784,"jks tracks s1mple perfectly | BLAST Premier Spring Groups 2023, Day 8",2023-01-26T18:42:59Z,6s,https://www.twitch.tv/videos/1719156784,highlight
1719005812,"Mahone Zone: OG's CT side on Ancient | BLAST Premier Spring Groups '23, Day 8",2023-01-26T15:24:21Z,1m35s,https://www.twitch.tv/videos/1719005812,highlight
1718364358,"Maersk MVP Check-in, Day 7 | BLAST Premier Spring Groups 2023",2023-01-25T21:53:17Z,48s,https://www.twitch.tv/videos/1718364358,highlight
1718272627,"cadiaN 1v4 clutch vs Vitality (Nuke) | BLAST Premier Spring Groups '23, Day 7",2023-01-25T20:07:01Z,38s,https://www.twitch.tv/videos/1718272627,highlight
1718193188,"ZywOo 4k Deagle vs Heroic (Mirage) | BLAST Premier Spring Groups 2023, Day 7",2023-01-25T18:46:14Z,23s,https://www.twitch.tv/videos/1718193188,highlight
1718138058,"Mahone Zone: Heroic refining simple strats with flashes | BLAST Premier Spring Groups 2023, Day 7",2023-01-25T17:44:20Z,1m36s,https://www.twitch.tv/videos/1718138058,highlight
1718028899,Mahone Zone: NIP's strong Inferno start | BLAST Primer Spring Groups '23,2023-01-25T15:15:26Z,1m38s,https://www.twitch.tv/videos/1718028899,highlight
1717360082,"Maersk MVP Check-in, Day 6 | BLAST Premier Spring Groups 2023",2023-01-24T21:21:06Z,58s,https://www.twitch.tv/videos/1717360082,highlight
1717052780,"Mahone Zone: neaLaN opens the door to EG victory over Heroic (Nuke) | BLAST Premier Spring Groups 2023, Day 6",2023-01-24T15:09:46Z,1m25s,https://www.twitch.tv/videos/1717052780,highlight
1716348093,"Maersk MVP Check-in, Day 5 | BLAST Premier Spring Groups 2023",2023-01-23T20:19:25Z,51s,https://www.twitch.tv/videos/1716348093,highlight
1716064555,"NiKo crisp USP 4K vs NAVI (Nuke) | BLAST Premier Spring Groups 2023, Day 5",2023-01-23T14:08:24Z,9s,https://www.twitch.tv/videos/1716064555,highlight
1715404365,"Maersk MVP Check-in, Day 4 | BLAST Premier Spring Groups 2023",2023-01-22T19:47:36Z,52s,https://www.twitch.tv/videos/1715404365,highlight
1715236018,"Twistzz 1v2 Deagl Clutch vs OG (Inferno) | BLAST Premier Spring Groups 2023, Day 4",2023-01-22T16:57:22Z,26s,https://www.twitch.tv/videos/1715236018,highlight
1715147291,Mahone looks at OG taking advantage of Ancient's latest map update | BLAST Premier Spring Groups 2023,2023-01-22T15:05:59Z,1m39s,https://www.twitch.tv/videos/1715147291,highlight
1715111248,"ropz 200 IQ clutch 1v2 vs OG (MIrage) | BLAST Premier Spring Groups 2023, Day 4",2023-01-22T14:15:31Z,1m35s,https://www.twitch.tv/videos/1715111248,highlight
1714453242,"Maersk MVP Check-in, Day 3 | BLAST Premier Spring Groups 2023",2023-01-21T21:35:39Z,46s,https://www.twitch.tv/videos/1714453242,highlight
1714243290,"Mahone analyses Astralis's Overpass vs Vitality | BLAST Premier Spring Groups 2023, Day 3",2023-01-21T18:05:54Z,1m38s,https://www.twitch.tv/videos/1714243290,highlight
1714096879,b1t with a GREAT timing on NIP (Overpass) | BLAST Premier Spring Groups 2023,2023-01-21T15:10:38Z,9s,https://www.twitch.tv/videos/1714096879,highlight
1713996839,Mahone Zone analyses NAVI's unique Mirage smoke for Catwalk | BLAST Premier Spring Groups 2023,2023-01-21T12:43:07Z,1m39s,https://www.twitch.tv/videos/1713996839,highlight
1713296955,"Maersk MVP Check-in, Day 2 | BLAST Premier Spring Groups 2023",2023-01-20T20:23:38Z,1m2s,https://www.twitch.tv/videos/1713296955,highlight
1713191935,"m0NESY quick flick vs BIG (Mirage) | BLAST Premier Spring Groups 2023, Day 2",2023-01-20T18:34:54Z,2m3s,https://www.twitch.tv/videos/1713191935,highlight
1713182233,"Mahone analyses how G2 likes to take Inferno A site | BLAST Premier Spring Groups 2023, Day 2",2023-01-20T18:23:49Z,1m39s,https://www.twitch.tv/videos/1713182233,highlight
1712996259,Ice cold degster clutch vs Team Liquid (Ancient) | BLAST Premier Spring Groups 2023,2023-01-20T14:17:33Z,44s,https://www.twitch.tv/videos/1712996259,highlight
1712968950,"Top 10 CS:GO Betrayals with Hallzerk :( | BLAST Premier Spring Groups, Day 2",2023-01-20T13:30:40Z,34s,https://www.twitch.tv/videos/1712968950,highlight
1712925642,"Complexity's sneaky Overpass play analyses by Mahone | BLAST Premier Spring Groups 2023, Day 2",2023-01-20T12:05:12Z,2m18s,https://www.twitch.tv/videos/1712925642,highlight
1712358025,"Maersk MVP Check-in, Day 1 - BLAST Premier Spring Groups 2023",2023-01-19T21:16:11Z,1m15s,https://www.twitch.tv/videos/1712358025,highlight
1712230278,Astralis comms for Buzz's ace (MIC'D UP) | BLAST Premier Spring Groups 2023,2023-01-19T18:56:35Z,28s,https://www.twitch.tv/videos/1712230278,highlight
1712181746,dev1ce and all of CS:GO is at the highest level ever (dev1ce interview) | BLAST Premier Spring Groups 2023,2023-01-19T17:59:25Z,1m7s,https://www.twitch.tv/videos/1712181746,highlight
1712007310,Maniac dancing | BLAST Premier Spring Groups 2023,2023-01-19T13:43:59Z,7s,https://www.twitch.tv/videos/1712007310,highlight
1682344467,"m0NESY, your Maersk Tournament MVP of BLAST Premier World Final 2022",2022-12-18T12:42:18Z,4m59s,https://www.twitch.tv/videos/1682344467,highlight
1682335771,"G2 Esports Trophy Lift, BLAST Premier World Final 2022 Champions!",2022-12-18T12:24:17Z,59s,https://www.twitch.tv/videos/1682335771,highlight
1681698456,"Maersk MVP Check-in, Day 4 | BLAST Premier World Final 2022",2022-12-17T19:03:57Z,1m4s,https://www.twitch.tv/videos/1681698456,highlight
1681616529,"huNter/JKS 2v4 vs FaZe (Nuke) | BLAST Premier World Final 2022, Day 4",2022-12-17T17:23:52Z,36s,https://www.twitch.tv/videos/1681616529,highlight
1681431937,EliGE 3k spray vs OG (Overpass) | BLAST Premier World Final 2022,2022-12-17T12:38:11Z,8s,https://www.twitch.tv/videos/1681431937,highlight
1680784439,"Maersk MVP Check-in, Day 3 | BLAST Premier World Final 2022",2022-12-16T19:32:46Z,1m8s,https://www.twitch.tv/videos/1680784439,highlight
1680577172,"oSee stop NAVI on Mirage A-site | BLAST Premier World Final 2022, Day 3",2022-12-16T14:34:41Z,1m16s,https://www.twitch.tv/videos/1680577172,highlight
1679904258,"ZywOo 4k vs OG (Mirage) | BLASY Premier World Final 2022, Day 2",2022-12-15T19:19:25Z,22s,https://www.twitch.tv/videos/1679904258,highlight
1679893919,"Maersk MVP Check-in, Day 2 | BLAST Premier World Final 2022",2022-12-15T19:06:16Z,1m14s,https://www.twitch.tv/videos/1679893919,highlight
1679608271,"Mahone breaking down Team Liquid's strategies on Anubis | BLAST Premier World Final 2022, Day 2",2022-12-15T10:48:05Z,1m41s,https://www.twitch.tv/videos/1679608271,highlight
1679492231,"Maersk MVP Check-in, Day 1 | BLAST Premier World Final 2022",2022-12-15T05:14:30Z,1m17s,https://www.twitch.tv/videos/1679492231,highlight
1678757423,"m0NESY B-hop AWP kill vs FaZe (Nuke, round 7) | BLAST Premier World Final 2022, Day 1",2022-12-14T11:31:31Z,1m55s,https://www.twitch.tv/videos/1678757423,highlight
1678722825,karrigan pointing at ropz,2022-12-14T09:52:10Z,6s,https://www.twitch.tv/videos/1678722825,highlight
1678692410,"cadiaN win celebration | BLAST Premier Fall FInal 2022, Day 5",2022-12-14T08:12:26Z,7s,https://www.twitch.tv/videos/1678692410,highlight
1667324888,"FaZe vs Heroic, 14-14 (Mirage) | BLAST Premier Fall ",2022-12-01T10:57:49Z,2m22s,https://www.twitch.tv/videos/1667324888,highlight
1664357352,"Copenhagen Cowboy crawler, map 2",2022-11-27T20:04:35Z,11s,https://www.twitch.tv/videos/1664357352,highlight
1664331512,"rain 3k vs Heroic (Inferno) | BLAST Premier Fall Final 2022, Day 5",2022-11-27T19:33:08Z,37s,https://www.twitch.tv/videos/1664331512,highlight
1664213410,"Heroic stage walk-in, Grand Final | BLAST Premier Fall Final 2022, Day 5",2022-11-27T17:03:00Z,1m10s,https://www.twitch.tv/videos/1664213410,highlight
1664212466,"FaZe Clan stage walk-in, Grand Final | BLAST Premier Fall Final 2022, Day 5",2022-11-27T17:01:55Z,1m12s,https://www.twitch.tv/videos/1664212466,highlight
1664211634,"Royal Arena, Where Heroes Are Made",2022-11-27T17:01:01Z,1m36s,https://www.twitch.tv/videos/1664211634,highlight
1664195200,Mahone breaks down ropz' 3K hold for OT vs NIP | BLAST,2022-11-27T16:39:13Z,2m4s,https://www.twitch.tv/videos/1664195200,highlight
1664136729,"LORD BENDTNER JOINS TEAM DENMARK! | BLAST Premier Fall Final 2022, Day 5",2022-11-27T15:13:18Z,1m20s,https://www.twitch.tv/videos/1664136729,highlight
1664115169,"Archarom playing the Danish National Anthem | BLAST Premier Fall Final 2022, Day 5",2022-11-27T14:39:36Z,50s,https://www.twitch.tv/videos/1664115169,highlight
1664111475,"BLAST.tv Dream Team Walk-in | BLAST Premier Fall Final 2022, Day 5",2022-11-27T14:33:12Z,1m10s,https://www.twitch.tv/videos/1664111475,highlight
1664108889,"Team Denmark Walk-in | BLAST Premier Fall Final 2022, Day 5",2022-11-27T14:28:54Z,1m9s,https://www.twitch.tv/videos/1664108889,highlight
1664101899,Welcome sukker and Rub1n to the BLAST.tv Showmatch! | BLASTPremier Fall FInal 2022,2022-11-27T14:16:24Z,1m14s,https://www.twitch.tv/videos/1664101899,highlight
1663615623,"Maersk MVP Check-in, Semifinals (Day 4) | BLAST Premier Fall Final 2022",2022-11-26T23:33:37Z,1m6s,https://www.twitch.tv/videos/1663615623,highlight
1663571539,"ropz 3K hold vs NIP (Nuke) | BLAST Premier Fall Final 2022, Day 4",2022-11-26T22:36:43Z,43s,https://www.twitch.tv/videos/1663571539,highlight
1663421556,"FaZe Clan Stage Walk-in | BLAST Premier Fall Final 2022, Day 4",2022-11-26T19:31:48Z,1m11s,https://www.twitch.tv/videos/1663421556,highlight
1663417494,"NIP Stage Walk-in | BLAST Premier Fall Final 2022, Day 4",2022-11-26T19:26:39Z,1m19s,https://www.twitch.tv/videos/1663417494,highlight
1663329366,"Mahone breaks down one of Team Liquid's 4v5 plays on Inferno vs Heroic | BLAST Premier Fall Final 2022, Day 4 ",2022-11-26T17:36:23Z,1m10s,https://www.twitch.tv/videos/1663329366,highlight
1663271618,"YEKINDAR great nade and headshot read vs Heroic (Inferno) | BLAST Premier Fall Final 2022, Day 4",2022-11-26T16:15:01Z,50s,https://www.twitch.tv/videos/1663271618,highlight
1663235452,"YEKINDAR 3k vs Heroic (Overpass) | BLAST Premier Fall Final 2022, Day 4",2022-11-26T15:19:44Z,14s,https://www.twitch.tv/videos/1663235452,highlight
1663205361,"Heroic stage walk-ins | BLAST Premier Fall Final 2022, Day 4",2022-11-26T14:30:29Z,1m13s,https://www.twitch.tv/videos/1663205361,highlight
1663201908,"Team Liquid stage walk-ins | BLAST Premier Fall Final 2022, Day 4",2022-11-26T14:24:18Z,1m17s,https://www.twitch.tv/videos/1663201908,highlight
1663190725,HERE. WE. GO!,2022-11-26T14:04:10Z,1m26s,https://www.twitch.tv/videos/1663190725,highlight
1662746228,"Maersk MVP Check-in, Day 3 | BLAST Premier Fall Final 2022",2022-11-26T00:19:26Z,1m12s,https://www.twitch.tv/videos/1662746228,highlight
1662463606,"Mahone breaks down NIP execute on Inferno, B site | BLAST Premier Fall Final 2022, Day 3",2022-11-25T18:26:00Z,1m54s,https://www.twitch.tv/videos/1662463606,highlight
1662308719,"Mahone taking a closer look at  m0NESY (and NiKo) | BLAST Premier Fall Final, Day 3",2022-11-25T14:27:57Z,1m55s,https://www.twitch.tv/videos/1662308719,highlight
1661804740,"Maersk MVP Check-in, Day 2 | BLAST Premier Fall Final 2022",2022-11-24T21:03:27Z,1m10s,https://www.twitch.tv/videos/1661804740,highlight
1661698347,Mahone breaks down nitr0's great positioning on Inferno A-site | BLAST Premier Fall Final 2022,2022-11-24T18:35:17Z,1m53s,https://www.twitch.tv/videos/1661698347,highlight
1661650246,"NAVI vs Team Liquid, Picks & Bans | BLAST Premier Fall Final 2022, Day 2",2022-11-24T17:26:42Z,36s,https://www.twitch.tv/videos/1661650246,highlight
1661523303,"Heroic's 2020 Inferno A site Wrap on | BLAST Premier Fall Final, Day 2",2022-11-24T13:47:41Z,1m28s,https://www.twitch.tv/videos/1661523303,highlight
1661476340,"OG Port-a-potty adventures | BLAST Premier Fall Final 2022, Day 2",2022-11-24T12:01:21Z,17s,https://www.twitch.tv/videos/1661476340,highlight
1661005146,"MAERSK MVP Check-in, Day 1 | BLAST Premier Fall Final 2022",2022-11-23T21:49:04Z,1m3s,https://www.twitch.tv/videos/1661005146,highlight
1660803952,"s1mple ACE vs Fluxo (Dust II) | BLAST Premier Fall Final 2022, Day 2",2022-11-23T17:32:06Z,48s,https://www.twitch.tv/videos/1660803952,highlight
1660797299,"NAVI vs Fluxo, Picks & Bans | BLAST Premier Fall Final 2022, Day 2 ",2022-11-23T17:22:16Z,16s,https://www.twitch.tv/videos/1660797299,highlight
1660684429,"Mahone on Heroic's Donut control on Ancient | BLAST Premier Fall Final 2022, Day 1",2022-11-23T14:09:21Z,1m53s,https://www.twitch.tv/videos/1660684429,highlight
1660586731,"Mahone on F1KU's defensive smoke on Mirage, A-site | BLAST Premier Fall Final 2022, Day 1",2022-11-23T10:07:24Z,1m41s,https://www.twitch.tv/videos/1660586731,highlight
1660578835,"broky 4k Clutch vs OG, BLAST Premier Fall Final 2022 (Day 1)",2022-11-23T09:43:13Z,1m12s,https://www.twitch.tv/videos/1660578835,highlight
1660568805,"FaZe vs OG, Pick & Bans (Day 1, Fall Final 2022)",2022-11-23T09:09:33Z,29s,https://www.twitch.tv/videos/1660568805,highlight
1632778304,Lucaozy NA MVP Interview | BLAST Fall Showdown 2022,2022-10-24T00:54:37Z,3m29s,https://www.twitch.tv/videos/1632778304,highlight
1632666849,Scrawny with his best xQc impression!,2022-10-23T22:26:22Z,52s,https://www.twitch.tv/videos/1632666849,highlight
1632659386,"felps 3hp, 2 Berettas, 1 kill vs MIBR exit | BLAST Premier Fall Showdown 2022",2022-10-23T22:15:58Z,50s,https://www.twitch.tv/videos/1632659386,highlight
1632580495,TeSeS EU MVP Interview | BLAST Fall Showdown 2022,2022-10-23T20:32:56Z,3m39s,https://www.twitch.tv/videos/1632580495,highlight
1632521199,MISTR 4k + knife kill round vs Heroic (Nuke) | BLAST Premier Fall Showdown 2022,2022-10-23T19:21:57Z,1m34s,https://www.twitch.tv/videos/1632521199,highlight
1632406769,Mahone showcases how Astralis disrupted Vitality's defaults on Dust II | BLAST Premier Fall Showdown 2022,2022-10-23T17:17:57Z,1m42s,https://www.twitch.tv/videos/1632406769,highlight
1631757545,"Maersk MVP Check-in, Day 4 | BLAST Premier Fall Showdown '22",2022-10-22T23:40:09Z,1m15s,https://www.twitch.tv/videos/1631757545,highlight
1631574483,"exit ice cold defuse vs Sharks (Nuke) | BLAST Premier Fall Showdown 2022, Day 4",2022-10-22T19:51:40Z,17s,https://www.twitch.tv/videos/1631574483,highlight
1631553108,Tension releasing stretch feat launders and Scrawny,2022-10-22T19:26:50Z,1m29s,https://www.twitch.tv/videos/1631553108,highlight
1631294656,Mahone takes a look at Sangal's sick nade game vs BIG | BLAST Premier Fall Showdown 2022,2022-10-22T14:22:34Z,1m18s,https://www.twitch.tv/videos/1631294656,highlight
1630844532,"Maersk MVP Check-in, Day 3 | BLAST Premier Fall Showdown 2022",2022-10-22T01:06:58Z,1m20s,https://www.twitch.tv/videos/1630844532,highlight
1630771838,Mahone breaks down VERTEX's A execute on Nuke | BLAST Premier Fall Showdown 2022,2022-10-21T23:50:23Z,1m39s,https://www.twitch.tv/videos/1630771838,highlight
1630510280,FELPS NINJA DEFUSE VS EG (Dust II) | BLAST Premier Fall Showdown 2022,2022-10-21T18:43:39Z,1m5s,https://www.twitch.tv/videos/1630510280,highlight
1630443479,Endless Clutches from blameF vs Vitality (Inferno) | BLAST Premier Fall Showdown,2022-10-21T17:28:21Z,1m59s,https://www.twitch.tv/videos/1630443479,highlight
1630371215,MistR Dualies 3K vs Vitality (Dust II) | BLAST Premier Fall Showdown 2022,2022-10-21T15:58:41Z,18s,https://www.twitch.tv/videos/1630371215,highlight
1630353684,Magisk 3k brings Vitality back into the round vs Astralis (Nuke) | BLAST Premier Fall Showdown 2022,2022-10-21T15:33:41Z,18s,https://www.twitch.tv/videos/1630353684,highlight
1629886289,"Maersk MVP Check-in | BLAST Premier Fall Showdown 2022, Day 2",2022-10-21T00:39:01Z,1m1s,https://www.twitch.tv/videos/1629886289,highlight
1629709057,Mahone with the MIBR triple Vent drop that breaks Team oNe every time | BLAST Premier Fall Showdown 2022,2022-10-20T21:09:30Z,1m48s,https://www.twitch.tv/videos/1629709057,highlight
1629672605,kraghen the Smoke Criminal vs Heroic (Inferno) | BLAST Premier Fall Showdown 2022,2022-10-20T20:24:01Z,50s,https://www.twitch.tv/videos/1629672605,highlight
1629391304,jnt BIG brain clutch vs Complexity (Nuke) | BLAST Premier Fall Showdown 2022,2022-10-20T14:49:23Z,57s,https://www.twitch.tv/videos/1629391304,highlight
1628987970,"MÃ¦rsk MVP Check-in, Day 1 | BLAST Premier Fall Showdown 2022",2022-10-20T00:47:24Z,52s,https://www.twitch.tv/videos/1628987970,highlight
1628847367,Mahone breaks down how Sharks takes the B-site on Dust II | BLAST Premier Fall Showdown,2022-10-19T22:01:07Z,1m49s,https://www.twitch.tv/videos/1628847367,highlight
1628779354,It's raining XANTARES on Nuke vs Astralis | BLAST Premier Fall Showdown 2022,2022-10-19T20:30:48Z,1m56s,https://www.twitch.tv/videos/1628779354,highlight
1628715425,Clutch minister is alive and well! | BLAST Premier Fall Showdown 2022,2022-10-19T19:08:00Z,49s,https://www.twitch.tv/videos/1628715425,highlight
1628666605,blameF 4k vs Eternal Fire (Dust II) | BLAST Premier Fall Showdown 2022,2022-10-19T18:11:13Z,2m50s,https://www.twitch.tv/videos/1628666605,highlight
1628573057,"TYLOO aristo with the BIG flank! | BLAST Premier Fall Showdown 2022, Day 1",2022-10-19T16:12:48Z,1m11s,https://www.twitch.tv/videos/1628573057,highlight
1576884138,broky 1v4 Clutch Reactions | BLAST Premier Fall Groups 2022,2022-08-30T13:01:24Z,22s,https://www.twitch.tv/videos/1576884138,highlight
1575546423,Maersk MVP of  BLAST Premier Fall Groups 2022,2022-08-28T23:26:08Z,2m51s,https://www.twitch.tv/videos/1575546423,highlight
1575466111,"Cowboy ZywOo on the job | BLAST Premier Fall Groups 2022, Day 7",2022-08-28T21:45:06Z,48s,https://www.twitch.tv/videos/1575466111,highlight
1574936699,"MVP Check-in, Day 6 | BLAST Premier Fall Groups 2022",2022-08-28T09:34:55Z,1m32s,https://www.twitch.tv/videos/1574936699,highlight
1574317537,s1mple vs Vitality (Mirage) | BLAST Premier Fall Groups 2022,2022-08-27T18:40:15Z,25s,https://www.twitch.tv/videos/1574317537,highlight
1573969584,"m0NESY Crazy 4k Clutch vs Vitality (Inferno) | BLAST Premier Fall Groups 2022, Day 5",2022-08-27T10:08:41Z,36s,https://www.twitch.tv/videos/1573969584,highlight
1573955160,"Maersk MVP Check-in, Day 5 | BLAST Premier Fall Groups 2022",2022-08-27T09:32:51Z,1m16s,https://www.twitch.tv/videos/1573955160,highlight
1573226551,"Brollan Hawk Eyes vs Team Liquid | BLAST Premier Fall Groups 2022, Day 5",2022-08-26T17:00:54Z,14s,https://www.twitch.tv/videos/1573226551,highlight
1572974219,"NiKo 2x No Scope 3k vs BIG (Dust II) | BLAST Premier Fall Groups 2022, Day 4",2022-08-26T10:20:47Z,58s,https://www.twitch.tv/videos/1572974219,highlight
1572294909,"m0NESY pistol ace vs BIG (Vertigo) | BLAST Premier Fall Groups 2022, Day 4",2022-08-25T17:30:00Z,20s,https://www.twitch.tv/videos/1572294909,highlight
1572282138,"Mahone on HooXi's influence on G2 | BLAST Premier Fall Groups 2022, Day 4",2022-08-25T17:12:55Z,2m44s,https://www.twitch.tv/videos/1572282138,highlight
1572157955,"EG MIC'D UP vs NIP (Nuke) | BLAST Premier Fall Groups 2022, Day 4",2022-08-25T14:16:47Z,1m3s,https://www.twitch.tv/videos/1572157955,highlight
1572102041,"Mahone on degster and OG's Overpass | BLAST Premier Fall Groups 2022, Day 4",2022-08-25T12:47:16Z,2m10s,https://www.twitch.tv/videos/1572102041,highlight
1568662202,"Maersk MVP Check-in, Day 3 | BLAST Premier Fall Groups 2022",2022-08-21T19:04:10Z,43s,https://www.twitch.tv/videos/1568662202,highlight
1568656263,Gauntlet Overview | BLAST Premier Fall Groups 2022,2022-08-21T18:59:25Z,1m26s,https://www.twitch.tv/videos/1568656263,highlight
1568568777,"Mahone on FaZe's Nuke strategies | BLAST Premier Fall Groups 2022, Day 3",2022-08-21T17:26:59Z,2m51s,https://www.twitch.tv/videos/1568568777,highlight
1568532447,"stavn ACE vs BIG (Nuke) | BLAST Premier Fall Groups 2022, Day 3",2022-08-21T16:46:32Z,1m5s,https://www.twitch.tv/videos/1568532447,highlight
1568509667,"sjuush crazy 4k vs BIG (Nuke) | BLAST Premier Fall Groups, Day 3",2022-08-21T16:17:11Z,25s,https://www.twitch.tv/videos/1568509667,highlight
1568443045,"ropz 1v3 clutch vs Heroic (Nuke) | BLAST Premier Fall Groups 2022, Day 3",2022-08-21T14:48:33Z,1m4s,https://www.twitch.tv/videos/1568443045,highlight
1568396633,"Ninja syrsoN vs Heroic (Nuke) | BLAST Premier Fall Groups 2022, Day 3",2022-08-21T13:39:13Z,41s,https://www.twitch.tv/videos/1568396633,highlight
1568377784,"tabseN falling to his death vs Heroic (Nuke) + Replay | BLAST Premier Fall Groups 2022, Day 3",2022-08-21T13:08:13Z,1m48s,https://www.twitch.tv/videos/1568377784,highlight
1568240581,"Maersk MVP Check In, Fall Groups 2022: Day 2 | BLAST Premier",2022-08-21T08:07:06Z,47s,https://www.twitch.tv/videos/1568240581,highlight
1567502625,"HooXi with FIRST ACE of Fall Groups 2022! (vs NAVI, Mirage) | BLAST Premier Fall Groups, Day 2",2022-08-20T15:40:40Z,33s,https://www.twitch.tv/videos/1567502625,highlight
1567466741,"NAF 1v3 Clutch vs Complexity (Vertigo) | BLAST PREMIER Fall Groups 2022, Day 2",2022-08-20T14:50:24Z,27s,https://www.twitch.tv/videos/1567466741,highlight
1567307817,"Maersk MVP Check In, Fall Groups 2022: Day 1 | BLAST Premier",2022-08-20T10:07:01Z,1m12s,https://www.twitch.tv/videos/1567307817,highlight
1566591403,"k0nfig Quick Fire vs NIP (Ancient) | BLAST Premier Fall Groups 2022, Day 1",2022-08-19T17:35:56Z,22s,https://www.twitch.tv/videos/1566591403,highlight
1566408790,Vitality Magisk Glock 4k vs OG (Dust II) | BLAST Premier Fall Groups 2022,2022-08-19T13:11:56Z,22s,https://www.twitch.tv/videos/1566408790,highlight
1524926629,"flameZ knife kill on electronic | OG vs NAVI, Spring Final 2022",2022-07-07T13:27:32Z,14s,https://www.twitch.tv/videos/1524926629,highlight
1519403025,"NiKo 180 Deagle kill on Twistzz | G2 vs FaZe, Spring Final 2022",2022-07-01T14:24:23Z,28s,https://www.twitch.tv/videos/1519403025,highlight
1508373703,Highlight: LIVE: BLAST Premier Spring Final 2022 - NaVi vs Vitality - Grand Final,2022-06-19T18:46:32Z,2m32s,https://www.twitch.tv/videos/1508373703,highlight
1508360737,BLAST Premier Spring Final 2022 - NaVi vs Vitality - Round 15,2022-06-19T18:30:38Z,1m41s,https://www.twitch.tv/videos/1508360737,highlight
1508277802,G2 vs Vitality Player Walk-ins | BLAST Premier Spring Final 2022,2022-06-19T16:48:48Z,2m27s,https://www.twitch.tv/videos/1508277802,highlight
1508274311,"NaVi vs OG, Team Walk-in | BLAST Premier Spring Final 2022",2022-06-19T16:43:50Z,2m18s,https://www.twitch.tv/videos/1508274311,highlight
1508179252,Highlight: LIVE: BLAST Premier Spring Final 2022 - NaVi vs Vitality - Grand Final,2022-06-19T14:26:46Z,5m39s,https://www.twitch.tv/videos/1508179252,highlight
1507680590,Highlight: BLAST Spring Final | OG vs NaVi & G2 vs Vitality,2022-06-18T23:42:45Z,43s,https://www.twitch.tv/videos/1507680590,highlight
1507641862,BLAST Spring Final | G2 vs Vitality Winning moment map 2,2022-06-18T22:50:21Z,2m44s,https://www.twitch.tv/videos/1507641862,highlight
1507540632,Mahone breaks down the G2 Smoke on Inferno | BLAST Premier Spring Final 2022,2022-06-18T20:39:16Z,1m21s,https://www.twitch.tv/videos/1507540632,highlight
1507407724,s1mple 4K vs OG (Dust 2) | BLAST Premier Spring Final 2022,2022-06-18T18:02:41Z,27s,https://www.twitch.tv/videos/1507407724,highlight
1507241652,BLAST Spring Final | Intro,2022-06-18T14:12:28Z,2m3s,https://www.twitch.tv/videos/1507241652,highlight
1506539793,Highlight: BLAST Spring Final | FaZe vs NaVi & Vitality vs ENCE,2022-06-17T19:49:46Z,1m32s,https://www.twitch.tv/videos/1506539793,highlight
1506413952,"MIC'D UP: Vitality vs ENCE, Overpass Round 1 | BLAST Premier Spring Final 2022",2022-06-17T17:25:11Z,38s,https://www.twitch.tv/videos/1506413952,highlight
1506327721,Highlight: BLAST Spring Final | FaZe vs NaVi & Vitality vs ENCE,2022-06-17T15:28:32Z,16s,https://www.twitch.tv/videos/1506327721,highlight
1506325951,Highlight: BLAST Spring Final | FaZe vs NaVi & Vitality vs ENCE,2022-06-17T15:25:42Z,6s,https://www.twitch.tv/videos/1506325951,highlight
1506288769,BLAST Spring Final | NaVi Weatherman segment dust2,2022-06-17T14:28:08Z,2m16s,https://www.twitch.tv/videos/1506288769,highlight
1505681346,"Highlight: BLAST Spring Final | Vitality vs Pain, G2 vs FaZe, NAVI vs BIG and ENCE vs OG",2022-06-16T21:10:00Z,1m0s,https://www.twitch.tv/videos/1505681346,highlight
1505407234,m0NESY 1v4 clutch vs FaZe (Dust 2) | BLAST Premier Spring Final 2022,2022-06-16T15:42:02Z,54s,https://www.twitch.tv/videos/1505407234,highlight
1505243169,"Highlight: BLAST Spring Final 15-19 June - NAVI, Faze, Vitality, BIG, OG, ENCE, Pain Gaming and G2!",2022-06-16T10:59:14Z,1m5s,https://www.twitch.tv/videos/1505243169,highlight
1505219495,Spring Final | Vitality vs Pain - Weatherman segment,2022-06-16T09:56:01Z,2m36s,https://www.twitch.tv/videos/1505219495,highlight
1505205324,Play of the Day Highlights - Day 1,2022-06-16T09:13:39Z,54s,https://www.twitch.tv/videos/1505205324,highlight
1505197436,BLAST Spring Final | ZywOo interview,2022-06-16T08:51:10Z,2m7s,https://www.twitch.tv/videos/1505197436,highlight
1504722531,Mahone breaks down an ENCE smoke on Nuke | BLAST Premier Spring Final 2022 ,2022-06-15T20:36:29Z,1m30s,https://www.twitch.tv/videos/1504722531,highlight
1504713582,tiziaN Pistol Ace vs ENCE (Mirage) | BLAST Premier Spring Final 2022,2022-06-15T20:25:14Z,47s,https://www.twitch.tv/videos/1504713582,highlight
1504525882,NAVI positional changes breakdown w. Mahone | BLAST Premier Spring Final 2022,2022-06-15T16:44:52Z,3m15s,https://www.twitch.tv/videos/1504525882,highlight
1504443278,"m0NESY 4k vs Vitality (Inferno) | BLAST Premier Spring Final, Day 1",2022-06-15T14:41:06Z,30s,https://www.twitch.tv/videos/1504443278,highlight
1504385183,"Moses is uncomfortable, G2 vs Vitality (Dust 2) | BLAST Premier Spring Final 2022, Day 1",2022-06-15T13:02:46Z,39s,https://www.twitch.tv/videos/1504385183,highlight
1504369193,"Magisk spray control - G2 vs Vitality | BLAST Premier Spring Final 2022, Day 1",2022-06-15T12:34:51Z,41s,https://www.twitch.tv/videos/1504369193,highlight
1504309591,"FaZe vs paiN, initial Inferno analysis by Mahone | BLAST Premier Spring Final 2022",2022-06-15T10:22:09Z,1m48s,https://www.twitch.tv/videos/1504309591,highlight
1488100184,"oSee 2v5 ace round, Liquid vs paiN (Ancient) | BLAST Premier Spring Showdown 2022",2022-05-19T13:31:43Z,2m30s,https://www.twitch.tv/videos/1488100184,highlight
1474975605,"LOAD OUT w/ Moses, Mahone and Stewie - Moses' 3 Things",2022-05-04T17:54:41Z,4m36s,https://www.twitch.tv/videos/1474975605,highlight
1472633596,paiN vs FURIA - BLAST Premier Spring Showdown - Maersk MVP interview w/ biguzera,2022-05-02T00:03:42Z,2m35s,https://www.twitch.tv/videos/1472633596,highlight
1472323743,Xyp is back vs ENCE (4k to end the half) | BLAST Premier Spring Showdown 2022,2022-05-01T18:00:40Z,16s,https://www.twitch.tv/videos/1472323743,highlight
1472294417,ENCE vs Astralis - Spring Showdown - Break down of Astralis CT overpass,2022-05-01T17:29:27Z,2m27s,https://www.twitch.tv/videos/1472294417,highlight
1471272753,Astralis vs NIP - Mahone break down T round Astralis,2022-04-30T16:36:21Z,1m54s,https://www.twitch.tv/videos/1471272753,highlight
1471221105,blameF 1v4 vs NIP (Nuke) | BLAST Premier Spring Showdown 2022,2022-04-30T15:27:59Z,1m1s,https://www.twitch.tv/videos/1471221105,highlight
1471177292,mahone ancient mid,2022-04-30T14:24:13Z,2m25s,https://www.twitch.tv/videos/1471177292,highlight
1469663721,"Swisher Ninja Defuse, ATK vs FURIA (Inferno) | BLAST Premier Spring Showdown 2022",2022-04-28T22:16:44Z,46s,https://www.twitch.tv/videos/1469663721,highlight
1469435527,hampus Deagle 3K vs Bad News Eagle (Mirage) | BLAST Premier Spring Showdown 2022,2022-04-28T17:44:29Z,14s,https://www.twitch.tv/videos/1469435527,highlight
1469351813,"SunPayus ACE, Astralis vs Movistar Riders (Inferno) | BLAST Premier Spring Showdown 2022",2022-04-28T15:54:50Z,32s,https://www.twitch.tv/videos/1469351813,highlight
1469293895,Farlig and Gla1ve Interview,2022-04-28T14:23:12Z,2m20s,https://www.twitch.tv/videos/1469293895,highlight
1469290729,Mahone Ancient breakdown,2022-04-28T14:17:49Z,2m47s,https://www.twitch.tv/videos/1469290729,highlight
1468514555,"Spinx Ace round, ENCE vs Copenhagen Flames | BLAST Spring Showdown 2022",2022-04-27T17:42:06Z,2m3s,https://www.twitch.tv/videos/1468514555,highlight
1468371551,Mahone Weatherman,2022-04-27T14:21:59Z,2m24s,https://www.twitch.tv/videos/1468371551,highlight
1289472993,"CS.Money Play of the Day, Day 7 | BLAST Premier Spring Groups 2022",2022-02-06T20:12:55Z,1m28s,https://www.twitch.tv/videos/1289472993,highlight
1289071414,m0NESY 1v4 clutch vs MIBR + Replay | BLAST Spring Groups 2022,2022-02-06T13:29:19Z,1m48s,https://www.twitch.tv/videos/1289071414,highlight
1287916805,ZywOo ace vs G2 + Replay | BLAST Spring Groups 2022,2022-02-05T15:11:47Z,39s,https://www.twitch.tv/videos/1287916805,highlight
1287757774,Ninja es3tag vs electronic + Replay,2022-02-05T11:31:37Z,1m3s,https://www.twitch.tv/videos/1287757774,highlight
1285874216,PERFECT RUN BOOST! | BLAST Premier Spring Groups 2022,2022-02-03T21:04:29Z,48s,https://www.twitch.tv/videos/1285874216,highlight
1285859956,A Game of Tag? | BLAST Premier Spring Groups 2022,2022-02-03T20:51:54Z,1m10s,https://www.twitch.tv/videos/1285859956,highlight
1285762814,"Stewie2k: 1 bullet, 1 dream | BLAST Spring Groups 2022",2022-02-03T19:24:37Z,13s,https://www.twitch.tv/videos/1285762814,highlight
1285492895,brnz4n Double Wallbang + Replay | BLAST Spring Groups 2022,2022-02-03T14:20:07Z,41s,https://www.twitch.tv/videos/1285492895,highlight
1285436303,WOOD7 Double Collateral AWP KIlls + Replay | BLAST Spring Groups 2022,2022-02-03T12:44:20Z,51s,https://www.twitch.tv/videos/1285436303,highlight
1280072542,Economy Play: MIBR vs. NAVI (Round 22) | BLAST x Coinbase,2022-01-29T15:39:42Z,29s,https://www.twitch.tv/videos/1280072542,highlight
1260031960,Team Liquid vs. NAVI Player Tunnel (World Final Day 5),2022-01-11T09:37:50Z,56s,https://www.twitch.tv/videos/1260031960,highlight
1260030743,s1mple Ducking IRL (World Final Day 2),2022-01-11T09:34:05Z,20s,https://www.twitch.tv/videos/1260030743,highlight
1237727285,Zywoo and S1mple interview,2021-12-19T13:13:58Z,2m1s,https://www.twitch.tv/videos/1237727285,highlight
1237029989,ZywOo Ace vs. Gambit on Dust 2,2021-12-18T18:45:53Z,1m20s,https://www.twitch.tv/videos/1237029989,highlight
1236869783,Apex player tunnnel,2021-12-18T15:20:09Z,48s,https://www.twitch.tv/videos/1236869783,highlight
1236135816,blameF 6k vs. NIP,2021-12-17T19:57:36Z,1m37s,https://www.twitch.tv/videos/1236135816,highlight
1236127458,electronic dancing past flashes,2021-12-17T19:48:31Z,22s,https://www.twitch.tv/videos/1236127458,highlight
1217637559,Heroic vs. Astralis Team Entrances,2021-11-27T20:12:21Z,5m4s,https://www.twitch.tv/videos/1217637559,highlight
1217546468,NAVI & Vitality Player Entrances,2021-11-27T18:37:56Z,4m34s,https://www.twitch.tv/videos/1217546468,highlight
1217259764,Team Liquid & Heroic Player entrances,2021-11-27T12:30:52Z,3m9s,https://www.twitch.tv/videos/1217259764,highlight
1216627018,Astralis & FaZe stage entrances,2021-11-26T20:22:46Z,4m38s,https://www.twitch.tv/videos/1216627018,highlight
1216540138,Team Liquid and NIP stage entrances,2021-11-26T18:56:38Z,4m30s,https://www.twitch.tv/videos/1216540138,highlight
1216537485,BIG and FaZe stage entrances,2021-11-26T18:53:57Z,4m32s,https://www.twitch.tv/videos/1216537485,highlight
1216278704,Opening,2021-11-26T12:25:05Z,5m18s,https://www.twitch.tv/videos/1216278704,highlight
1214871710,k0nfig 3k entry vs. NIP (replay),2021-11-24T20:05:55Z,16s,https://www.twitch.tv/videos/1214871710,highlight
1214868118,k0nfig 3k entry vs. NIP,2021-11-24T20:02:25Z,44s,https://www.twitch.tv/videos/1214868118,highlight
1214859637,Stewie2k 4K entry vs. Vitality,2021-11-24T19:55:28Z,37s,https://www.twitch.tv/videos/1214859637,highlight
1156368907,Magnum Play For Pleasure,2021-09-22T22:15:20Z,2m13s,https://www.twitch.tv/videos/1156368907,highlight
1151537157,Play of the day 2,2021-09-17T19:34:47Z,1m0s,https://www.twitch.tv/videos/1151537157,highlight
1150657652,Play Of The Day 1,2021-09-16T20:51:52Z,1m51s,https://www.twitch.tv/videos/1150657652,highlight
1061491341,Play of the day 5,2021-06-19T21:55:10Z,1m30s,https://www.twitch.tv/videos/1061491341,highlight
1059292928,CS Money Play Of That Day,2021-06-17T19:48:21Z,1m46s,https://www.twitch.tv/videos/1059292928,highlight
1059283796,s1mple interview FULL,2021-06-17T19:38:42Z,5m3s,https://www.twitch.tv/videos/1059283796,highlight
1058380204,CS Money Play Of The Day,2021-06-16T21:52:30Z,1m43s,https://www.twitch.tv/videos/1058380204,highlight
1058378451,Overtime,2021-06-16T21:50:35Z,34m8s,https://www.twitch.tv/videos/1058378451,highlight
995303935,14-12 gambit heroic,2021-04-21T09:03:51Z,1m58s,https://www.twitch.tv/videos/995303935,highlight
994345793,Last Round Gambit Heroic,2021-04-20T14:55:11Z,2m33s,https://www.twitch.tv/videos/994345793,highlight
992342478,last round g2 spirit casters,2021-04-18T18:16:18Z,1m59s,https://www.twitch.tv/videos/992342478,highlight
992296011,NEXA interview full,2021-04-18T17:40:32Z,2m43s,https://www.twitch.tv/videos/992296011,highlight
986021440,Tic Tac Toe,2021-04-13T14:37:45Z,21s,https://www.twitch.tv/videos/986021440,highlight
985970924,Flamez interview full,2021-04-13T13:28:52Z,4m23s,https://www.twitch.tv/videos/985970924,highlight
914370924,s1mple interview full,2021-02-14T21:58:44Z,5m58s,https://www.twitch.tv/videos/914370924,highlight
914103210,Rain Interview Full,2021-02-14T18:29:11Z,3m15s,https://www.twitch.tv/videos/914103210,highlight
913091501,Elige interview full,2021-02-13T22:41:22Z,4m47s,https://www.twitch.tv/videos/913091501,highlight
911560916,full olof interview,2021-02-12T21:35:44Z,4m38s,https://www.twitch.tv/videos/911560916,highlight
911346302,flamie interview full,2021-02-12T19:09:52Z,4m33s,https://www.twitch.tv/videos/911346302,highlight
911346233,flamie interview full,2021-02-12T19:09:49Z,4m33s,https://www.twitch.tv/videos/911346233,highlight
911073356,Twistzz interview,2021-02-12T15:10:44Z,4m37s,https://www.twitch.tv/videos/911073356,highlight
908990542,blame interview full,2021-02-10T21:53:17Z,5m45s,https://www.twitch.tv/videos/908990542,highlight
908981370,final moment,2021-02-10T21:45:12Z,31s,https://www.twitch.tv/videos/908981370,highlight
907409461,RUSH interview full,2021-02-09T17:58:41Z,3m46s,https://www.twitch.tv/videos/907409461,highlight
906406230,Nexa Interview Full,2021-02-08T21:05:10Z,4m51s,https://www.twitch.tv/videos/906406230,highlight
906124453,Konfig interview Full,2021-02-08T17:26:17Z,4m14s,https://www.twitch.tv/videos/906124453,highlight
903922776,Tabsen Interview Full,2021-02-06T21:54:54Z,5m41s,https://www.twitch.tv/videos/903922776,highlight
902141553,Short Hampus Interview,2021-02-05T18:21:26Z,1m7s,https://www.twitch.tv/videos/902141553,highlight
900657166,ZTR interview,2021-02-04T15:32:03Z,1m30s,https://www.twitch.tv/videos/900657166,highlight
886882133,SIMPLE INTERVIEW,2021-01-24T22:49:01Z,5m52s,https://www.twitch.tv/videos/886882133,highlight
886829881,Highlight: LIVE: Team Liquid vs Na'Vi - BLAST Premier Global Final,2021-01-24T21:58:36Z,3m50s,https://www.twitch.tv/videos/886829881,highlight
886818858,Novacub,2021-01-24T21:48:36Z,3m41s,https://www.twitch.tv/videos/886818858,highlight
886729872,Harry Mack Freestyle ,2021-01-24T20:33:39Z,6m38s,https://www.twitch.tv/videos/886729872,highlight
883935538,Flamie interview,2021-01-22T20:56:46Z,5m58s,https://www.twitch.tv/videos/883935538,highlight
883935437,Flamie interview,2021-01-22T20:56:42Z,5m58s,https://www.twitch.tv/videos/883935437,highlight
883717811,NAF interview,2021-01-22T18:22:42Z,2m34s,https://www.twitch.tv/videos/883717811,highlight
882860462,Highlight: LIVE: Evil Geniuses vs FURIA Esports - BLAST Premier Global Final,2021-01-21T23:59:46Z,4m37s,https://www.twitch.tv/videos/882860462,highlight
881474047,VINI Interview,2021-01-20T22:01:41Z,2m4s,https://www.twitch.tv/videos/881474047,highlight
881461334,Stanislaw Interview,2021-01-20T21:51:40Z,3m47s,https://www.twitch.tv/videos/881461334,highlight
881132183,Fallen winners interview,2021-01-20T17:29:07Z,4m36s,https://www.twitch.tv/videos/881132183,highlight
880975293,Stewie IGL,2021-01-20T14:45:17Z,1m43s,https://www.twitch.tv/videos/880975293,highlight
880008932,Honda Interview,2021-01-19T19:16:12Z,2m56s,https://www.twitch.tv/videos/880008932,highlight
879742221,Fallen interview 2.0,2021-01-19T14:59:21Z,1m55s,https://www.twitch.tv/videos/879742221,highlight
879736182,Fallen Interview,2021-01-19T14:51:29Z,2m38s,https://www.twitch.tv/videos/879736182,highlight
833546604,Highlight: LIVE: BIG vs G2 - BLAST Premier Fall Finals 2020,2020-12-11T15:31:28Z,2m21s,https://www.twitch.tv/videos/833546604,highlight
833546566,Highlight: LIVE: BIG vs G2 - BLAST Premier Fall Finals 2020,2020-12-11T15:31:24Z,2m21s,https://www.twitch.tv/videos/833546566,highlight
790026319,Highlight: MIBR Map Win Reaction,2020-11-02T20:11:52Z,15s,https://www.twitch.tv/videos/790026319,highlight
786663706,Shox Interview,2020-10-30T17:59:43Z,4m12s,https://www.twitch.tv/videos/786663706,highlight
783642362,Cerq interview,2020-10-27T18:45:00Z,3m13s,https://www.twitch.tv/videos/783642362,highlight
782889363,Highlight: Aleksib Desk Interview,2020-10-26T22:53:35Z,5m22s,https://www.twitch.tv/videos/782889363,highlight
680373945,Highlight: FAZE vs Team Vitality - BLAST Premier Spring Finals Americas | BLAST Premier,2020-07-15T13:54:44Z,59s,https://www.twitch.tv/videos/680373945,highlight
679466695,Highlight: MIBR vs Evil Geniuses - BLAST Premier Spring Showdown NA Finals | BLAST Premier,2020-07-14T16:17:03Z,26s,https://www.twitch.tv/videos/679466695,highlight
674556119,niko ace vs vitality,2020-07-09T14:23:00Z,24s,https://www.twitch.tv/videos/674556119,highlight
674554947,niko ace,2020-07-09T14:20:54Z,24s,https://www.twitch.tv/videos/674554947,highlight
660120198,Highlight: Complexity vs NAVI 16:30 CEST - BLAST Premier Spring Finals | BLAST Premier,2020-06-24T14:28:20Z,1m45s,https://www.twitch.tv/videos/660120198,highlight
660120197,art 4k,2020-06-24T14:28:20Z,1m17s,https://www.twitch.tv/videos/660120197,highlight
660115754,cmplx final map 2 win,2020-06-24T14:20:42Z,21s,https://www.twitch.tv/videos/660115754,highlight
660115755,cmplx desk seg 08,2020-06-24T14:20:42Z,4m28s,https://www.twitch.tv/videos/660115755,highlight
660094977,jamppi 1v3 clutch,2020-06-24T13:47:17Z,49s,https://www.twitch.tv/videos/660094977,highlight
659251682,cmplx desk seg 07,2020-06-23T17:11:23Z,5m30s,https://www.twitch.tv/videos/659251682,highlight
659165465,Highlight: NAVI vs NIP 16:30 CEST - BLAST Premier Spring Finals | BLAST Premier,2020-06-23T15:18:35Z,43s,https://www.twitch.tv/videos/659165465,highlight
656720364,Scrawny Speech,2020-06-20T21:48:11Z,2m31s,https://www.twitch.tv/videos/656720364,highlight
655734633,21 years,2020-06-19T21:37:01Z,3m25s,https://www.twitch.tv/videos/655734633,highlight
655358838,Stewie Interview,2020-06-19T14:09:40Z,1m28s,https://www.twitch.tv/videos/655358838,highlight
654673715,Shox interview,2020-06-18T19:50:26Z,1m29s,https://www.twitch.tv/videos/654673715,highlight
652993646,Storytime,2020-06-17T00:24:01Z,3m9s,https://www.twitch.tv/videos/652993646,highlight
587333585,Highlight: Today's Stream: Conversation with PIMP + cadiaN 12pm CEST | BLAST Sessions,2020-04-09T14:55:25Z,4m10s,https://www.twitch.tv/videos/587333585,highlight
579814665,"Highlight: The Clinic with Frankie Ward, G2 nexa and G2 huNter | BLAST Sessions",2020-03-31T14:29:39Z,1m12s,https://www.twitch.tv/videos/579814665,highlight
579811356,"Highlight: The Clinic with Frankie Ward, G2 nexa and G2 huNter | BLAST Sessions",2020-03-31T14:23:34Z,30s,https://www.twitch.tv/videos/579811356,highlight
579809039,"Highlight: The Clinic with Frankie Ward, G2 nexa and G2 huNter | BLAST Sessions",2020-03-31T14:19:10Z,1m28s,https://www.twitch.tv/videos/579809039,highlight
579742969,"Highlight: The Clinic with Frankie Ward, G2 nexa and G2 huNter | BLAST Sessions",2020-03-31T12:07:21Z,50s,https://www.twitch.tv/videos/579742969,highlight
579740898,"Highlight: The Clinic with Frankie Ward, G2 nexa and G2 huNter | BLAST Sessions",2020-03-31T12:02:54Z,25s,https://www.twitch.tv/videos/579740898,highlight
579738375,"Highlight: The Clinic with Frankie Ward, G2 nexa and G2 huNter | BLAST Sessions",2020-03-31T11:57:59Z,53s,https://www.twitch.tv/videos/579738375,highlight
579736592,Hunter Niko starting in CS,2020-03-31T11:54:05Z,53s,https://www.twitch.tv/videos/579736592,highlight
579280147,"Highlight: The Clinic with Frankie Ward, G2 nexa and G2 huNter | BLAST Sessions",2020-03-30T19:14:10Z,54s,https://www.twitch.tv/videos/579280147,highlight
579236184,"Highlight: The Clinic with Frankie Ward, G2 nexa and G2 huNter | BLAST Sessions",2020-03-30T18:12:42Z,2m25s,https://www.twitch.tv/videos/579236184,highlight
564839099,Clip 2,2020-03-10T11:48:03Z,2m5s,https://www.twitch.tv/videos/564839099,highlight
564838777,Clip,2020-03-10T11:46:35Z,2m9s,https://www.twitch.tv/videos/564838777,highlight
553176654,send off,2020-02-16T23:39:45Z,1m57s,https://www.twitch.tv/videos/553176654,highlight
552488460,smashtalk og g2,2020-02-15T19:30:17Z,1m17s,https://www.twitch.tv/videos/552488460,highlight
552472870,glass,2020-02-15T19:02:07Z,2m23s,https://www.twitch.tv/videos/552472870,highlight
552022506,Mantuu interview,2020-02-14T22:14:37Z,1m19s,https://www.twitch.tv/videos/552022506,highlight
551333704,G2 Interview,2020-02-13T15:23:35Z,4m4s,https://www.twitch.tv/videos/551333704,highlight
551329945,jks Interview,2020-02-13T15:12:30Z,3m48s,https://www.twitch.tv/videos/551329945,highlight
549542360,s1mple on desk,2020-02-09T21:44:34Z,5m0s,https://www.twitch.tv/videos/549542360,highlight
549537605,S1mple interview 2,2020-02-09T21:34:00Z,1m36s,https://www.twitch.tv/videos/549537605,highlight
549416569,s1mple interview,2020-02-09T17:47:40Z,1m47s,https://www.twitch.tv/videos/549416569,highlight
548909919,THE MESSAGE TWO,2020-02-08T19:38:38Z,2m30s,https://www.twitch.tv/videos/548909919,highlight
548907101,S1mple interview,2020-02-08T19:33:21Z,2m4s,https://www.twitch.tv/videos/548907101,highlight
548907100,Magisk Interview,2020-02-08T19:33:21Z,2m3s,https://www.twitch.tv/videos/548907100,highlight
548858512,S1mple Interview,2020-02-08T18:01:21Z,1m36s,https://www.twitch.tv/videos/548858512,highlight
545858497,The Message with Thorin,2020-02-02T18:40:03Z,2m8s,https://www.twitch.tv/videos/545858497,highlight
522008474,Highlight: BLAST Global Final Bahrain 2019 - Grand Final MVP presented by Omen,2019-12-15T20:24:10Z,2m37s,https://www.twitch.tv/videos/522008474,highlight
522004543,BLAST Global Final Bahrain 2019 - Winning moment & Trophy lift,2019-12-15T20:15:07Z,2m34s,https://www.twitch.tv/videos/522004543,highlight
522004544,BLAST Global Final Bahrain 2019 - Winner interview,2019-12-15T20:15:07Z,1m50s,https://www.twitch.tv/videos/522004544,highlight
503033599,omen stage gold,2019-11-02T17:56:40Z,1m41s,https://www.twitch.tv/videos/503033599,highlight
503026975,standoff winners,2019-11-02T17:41:38Z,2m14s,https://www.twitch.tv/videos/503026975,highlight
502945238,omen v 3 ahhhhhahahahah,2019-11-02T14:13:46Z,5s,https://www.twitch.tv/videos/502945238,highlight
502923007,Frank Jensen,2019-11-02T13:02:17Z,3m7s,https://www.twitch.tv/videos/502923007,highlight
502918110,team walk in,2019-11-02T12:46:14Z,5m22s,https://www.twitch.tv/videos/502918110,highlight
502917370,Tivoli,2019-11-02T12:43:31Z,1m17s,https://www.twitch.tv/videos/502917370,highlight
481491145,from start to finish,2019-09-14T19:45:54Z,1m45s,https://www.twitch.tv/videos/481491145,highlight
452987160,BLAST Pro Series Los Angeles 2019 - Front Row - trophy lift,2019-07-15T05:16:48Z,3m14s,https://www.twitch.tv/videos/452987160,highlight
441148298,Clip: BLAST Pro Series Madrid - Round 3 - Astralis vs. NAVI,2019-06-19T07:44:41Z,20s,https://www.twitch.tv/videos/441148298,highlight
428246802,Clip: BLAST Pro Series Madrid - Round 3 - GOLD GOLD,2019-05-22T12:32:19Z,1m36s,https://www.twitch.tv/videos/428246802,highlight
410701986,FaZe trophy,2019-04-13T23:45:54Z,5m22s,https://www.twitch.tv/videos/410701986,highlight
410637432,GOLD,2019-04-13T21:09:05Z,1m45s,https://www.twitch.tv/videos/410637432,highlight
349585738,huge map 3 hype,2018-12-15T21:39:31Z,1m54s,https://www.twitch.tv/videos/349585738,highlight
349515003,pick/ban,2018-12-15T19:04:58Z,2m58s,https://www.twitch.tv/videos/349515003,highlight
349501511,Deagle round,2018-12-15T18:36:37Z,3m55s,https://www.twitch.tv/videos/349501511,highlight
349500474,NiKo vs. Kio,2018-12-15T18:34:10Z,1s,https://www.twitch.tv/videos/349500474,highlight
349471538,S1mple - tarik,2018-12-15T17:26:56Z,26s,https://www.twitch.tv/videos/349471538,highlight
349445843,Magisk gif,2018-12-15T16:21:21Z,5s,https://www.twitch.tv/videos/349445843,highlight
349392103,"Full Lisbon Opening Speech by the Vice Mayor, Duarte Cordeiro",2018-12-15T13:42:12Z,2m21s,https://www.twitch.tv/videos/349392103,highlight
331216137,Trophy lift,2018-11-03T21:08:52Z,4m50s,https://www.twitch.tv/videos/331216137,highlight
2417577740,BLASTPremier's Channel Trailer,2025-03-28T14:51:58Z,43s,https://www.twitch.tv/videos/2417577740,upload
1461593494,BLAST Spring Final Lisbon 2022,2022-04-20T08:12:12Z,52s,https://www.twitch.tv/videos/1461593494,upload
1189255479,BLASTPremier's Channel Trailer,2021-10-28T12:43:27Z,42s,https://www.twitch.tv/videos/1189255479,upload
1052754075,BLASTPremier's Channel Trailer,2021-06-11T11:00:06Z,59s,https://www.twitch.tv/videos/1052754075,upload
980907785,BLASTPremier's Channel Trailer,2021-04-09T08:08:51Z,57s,https://www.twitch.tv/videos/980907785,upload
837072499,BLASTPremier's Channel Trailer,2020-12-14T13:36:53Z,53s,https://www.twitch.tv/videos/837072499,upload
777260801,BLASTPremier's Channel Trailer,2020-10-21T15:22:53Z,59s,https://www.twitch.tv/videos/777260801,upload
667720968,BLAST Spring Series Group 2 Day 2 Astralis v NaVi + Vitality v Complexity ,2020-07-02T09:24:20Z,8h11m58s,https://www.twitch.tv/videos/667720968,upload
666852807,BLAST Premier Spring Series Group 2 Day 1 NaVi v Vitality & Astralis v Complexity,2020-07-01T13:04:31Z,7h56m24s,https://www.twitch.tv/videos/666852807,upload
665785779,"BLAST Premier Spring Series London GROUP 1 DAY 3 FaZe v Liquid, NiP v Liquid ",2020-06-30T09:19:28Z,7h25m18s,https://www.twitch.tv/videos/665785779,upload
664997654,"BLAST Premier Spring Series London GROUP 1 DAY 2 NiP v MiBR,  Liquid v FaZe ",2020-06-29T15:25:22Z,8h21m10s,https://www.twitch.tv/videos/664997654,upload
662049805,"BLAST Premier Spring Series London GROUP 1 DAY 1 FaZe v NiP,  MiBR v Liquid ",2020-06-26T14:07:52Z,8h45m45s,https://www.twitch.tv/videos/662049805,upload
551454834,BLAST Premier London Week 3 Backstage ,2020-02-13T19:53:49Z,2h31m46s,https://www.twitch.tv/videos/551454834,upload
511289637,BLAST Pro Series Lisbon 2018 - Day 1,2019-11-21T11:46:09Z,3h17m54s,https://www.twitch.tv/videos/511289637,upload
513965291,BLAST Pro Series Lisbon 2018 - Day 2 Pt.2,2019-11-27T14:10:46Z,4h14m24s,https://www.twitch.tv/videos/513965291,upload
